{
    "buttons": {},
    "api": {
        "input": true,
        "blur": true
    },
    "fields": [
        {
            "key": "role",
            "name": "job_roles",
            "type": "multi_select",
            "options_key": "role",
            "options_label": "role",
            "track_by": "role",
            "placeholder": "Select Roles",
            "close_on_select": false,
            "url": "{{rolesURL}}?roles={{input}}&is_cached=false&sort_column=id&sort_direction=asc&offset=0&limit=1000",
            "limit": 2,
            "options": [],
            "divClass": "col-span-4",
            "class": ""
        },
        {
            "key": "skills",
            "name": "Skills",
            "type": "auto_complete",
            "options_key": "name",
            "options_label": "name",
            "searchable": true,
            "track_by": "name",
            "placeholder": "Search Skills",
            "close_on_select": false,
            "url": "{{searchSkillURL}}?name={{input}}&is_cached=true&sort_column=name&sort_direction=asc&offset=0&limit=100&search=%5B%7B%22name%22%3A%7B%22value%22%3A%22{{input}}%22%2C%22condition%22%3A%22like_prefix%22%7D%7D%5D",
            "limit": 2,
            "options": [],
            "divClass": "col-span-4",
            "class": ""
        },
        {
            "key": "currently_working",
            "name": "Currently Working",
            "type": "multi_select",
            "options_key": "city",
            "options_label": "city",
            "track_by": "city",
            "placeholder": "Select location",
            "close_on_select": false,
            "url": "{{citiesURL}}?city={{input}}sort_column=id&sort_direction=asc&offset=0&limit=100",
            "options": [],
            "divClass": "col-span-4",
            "class": ""
        },
        {
            "type": "multi_select",
            "key": "notice_period",
            "options_key": "value",
            "options_label": "text",
            "searchable": true,
            "mode": "single",
            "limit": 2,
            "placeholder": "Select Notice Period",
            "divClass": "col-span-4 text-skin-base",
            "class": "",
            "options": [
                { "text": "Immediately", "value": "Immediately" },
                { "text": "15 Days", "value": "15 Days" },
                { "text": "1 month", "value": "30 Days" },
                { "text": "3 months", "value": "90 Days" },
                { "text": "6 months", "value": "6 months" }
            ]
        },
        {
            "key": "actively_searching",
            "name": "actively_searching",
            "type": "checkbox",
            "label": "Actively Searching",
            "divClass": "col-span-4"
        },
        {
            "label": "Select Experience",
            "rangeParameter": "Yrs",
            "key": "experience",
            "type": "slider",
            "step": 1,
            "max": "50",
            "min": "0",
            "default": [0, 0],
            "divClass": "col-span-4 text-skin-base",
            "class": "input-block w-full rounded-md border p-[10px_16px] text-gray-900 shadow-sm ring-0  placeholder:text-gray-400 focus:ring-0 focus:outline-0 focus:border-skin-base border-skin-base/20 sm:text-sm sm:leading-6"
        },
        {
            "label": "Select Salary",
            "rangeParameter": "Lakhs",
            "key": "salary",
            "type": "slider",
            "max": "50",
            "min": "0",
            "step": 1,
            "default": [0, 0],
            "divClass": "col-span-4 text-skin-base",
            "class": "input-block w-full rounded-md border p-[10px_16px] text-gray-900 shadow-sm ring-0  placeholder:text-gray-400 focus:ring-0 focus:outline-0 focus:border-skin-base border-skin-base/20 sm:text-sm sm:leading-6"
        },
        {
            "type": "hidden",
            "key": "",
            "sub_key": "search_details",
            "search_details": {
                "experience": [0, 50],
                "salary": [0, 50]
            }
        },
        {
            "key": "departments",
            "name": "departments",
            "type": "multi_select",
            "options_key": "name",
            "options_label": "name",
            "track_by": "name",
            "placeholder": "Select departments",
            "close_on_select": false,
            "url": "{{departmentsURL}}?departments={{input}}&is_cached=false&sort_column=id&sort_direction=asc&offset=0&limit=100",
            "limit": 2,
            "options": [],
            "divClass": "col-span-4",
            "class": "input-block w-full rounded-md border p-[10px_16px] text-gray-900 shadow-sm ring-0  placeholder:text-gray-400 focus:ring-0 focus:outline-0 focus:border-skin-base border-skin-base/20 sm:text-sm sm:leading-6"
        },
        {
            "label": "",
            "type": "multi_select",
            "key": "education",
            "options_key": "value",
            "options_label": "text",
            "searchable": true,
            "mode": "single",
            "limit": 2,
            "output_type": "array",
            "placeholder": "Select education",
            "divClass": "col-span-4",
            "class": "",
            "options": [
                { "text": "No formal education", "value": "No formal education" },
                { "text": "Primary education", "value": "Primary education" },
                { "text": "Secondary education", "value": "Secondary education" },
                { "text": "Vocational qualification", "value": "Vocational qualification" },
                { "text": "Bachelor's degree", "value": "Bachelor's degree" },
                { "text": "Master's degree", "value": "Master's degree" },
                { "text": "Doctorate or higher", "value": "Doctorate or higher" }
            ]
        },
        {
            "label": "",
            "type": "multi_select",
            "key": "languages_known",
            "options_key": "value",
            "options_label": "text",
            "searchable": true,
            "limit": 2,
            "output_type": "array",
            "placeholder": "Select language",
            "divClass": "col-span-4",
            "class": "",
            "options": [
                { "text": "Albanian", "value": "Albanian" },
                { "text": "Arabic", "value": "Arabic" },
                { "text": "Bengali", "value": "Bengali" },
                { "text": "Bosnian", "value": "Bosnian" },
                { "text": "Bulgarian", "value": "Bulgarian" },
                { "text": "Chinese (Mandarin or Cantonese)", "value": "Chinese (Mandarin or Cantonese)" },
                { "text": "Croatian", "value": "Croatian" },
                { "text": "Czech", "value": "Czech" },
                { "text": "Danish", "value": "Danish" },
                { "text": "Dutch", "value": "Dutch" },
                { "text": "English", "value": "English" },
                { "text": "Estonian", "value": "Estonian" },
                { "text": "Finnish", "value": "Finnish" },
                { "text": "French", "value": "French" },
                { "text": "German", "value": "German" },
                { "text": "Greek", "value": "Greek" },
                { "text": "Hebrew", "value": "Hebrew" },
                { "text": "Hindi", "value": "Hindi" },
                { "text": "Hungarian", "value": "Hungarian" },
                { "text": "Indonesian", "value": "Indonesian" },
                { "text": "Italian", "value": "Italian" },
                { "text": "Japanese", "value": "Japanese" },
                { "text": "Korean", "value": "Korean" },
                { "text": "Latvian", "value": "Latvian" },
                { "text": "Lithuanian", "value": "Lithuanian" },
                { "text": "Malay", "value": "Malay" },
                { "text": "Norwegian", "value": "Norwegian" },
                { "text": "Persian (Farsi)", "value": "Persian (Farsi)" },
                { "text": "Polish", "value": "Polish" },
                { "text": "Portuguese", "value": "Portuguese" },
                { "text": "Romanian", "value": "Romanian" },
                { "text": "Russian", "value": "Russian" },
                { "text": "Serbian", "value": "Serbian" },
                { "text": "Slovak", "value": "Slovak" },
                { "text": "Slovenian", "value": "Slovenian" },
                { "text": "Spanish", "value": "Spanish" },
                { "text": "Swedish", "value": "Swedish" },
                { "text": "Telugu", "value": "Telugu" },
                { "text": "Thai", "value": "Thai" },
                { "text": "Turkish", "value": "Turkish" },
                { "text": "Ukrainian", "value": "Ukrainian" },
                { "text": "Urdu", "value": "Urdu" },
                { "text": "Vietnamese", "value": "Vietnamese" },
                { "text": "Filipino (Tagalog)", "value": "Filipino (Tagalog)" }
            ]
        },
        {
            "label": "",
            "type": "multi_select",
            "key": "gender",
            "options_key": "value",
            "options_label": "text",
            "searchable": true,
            "mode": "single",
            "limit": 2,
            "placeholder": "Select Gender",
            "divClass": "col-span-4",
            "class": "",
            "options": [
                { "text": "Male", "value": "Male" },
                { "text": "Female", "value": "Female" },
                { "text": "Other", "value": "Other" }
            ]
        },
        {
            "label": "",
            "type": "multi_select",
            "key": "job_type",
            "options_key": "value",
            "options_label": "text",
            "searchable": true,
            "mode": "single",
            "limit": 2,
            "placeholder": "Please select job type",
            "divClass": "col-span-4",
            "class": "",
            "options": [
                { "text": "Contract", "value": "Contract" },
                { "text": "Full Time", "value": "Full Time" },
                { "text": "Part Time", "value": "Part Time" },
                { "text": "Freelancer", "value": "Freelancer" }
            ]
        }
    ]
}
