[
    {
        "_index": "candidates_prod",
        "_id": "999161beeea949d4aeb269a4d1c1a96e",
        "_score": 93,
        "_source": {
            "auto_apply_prefs": {
                "primary_skills": ["Python", "SQL", "HTML"],
                "Notice_period": 10,
                "job_loction": ["Pune"],
                "expected_ctc": "4,00,000",
                "total_experience": "1.3",
                "description": "A Software Engineer is an IT professional who designs, develops and maintains computer software at a company. They use their creativity and technical skills and apply the principles of software engineering to help solve new and ongoing problems for an organization."
            },
            "first_name": "Abhimanyu"
        }
    },
    {
        "_index": "candidates_prod",
        "_id": "b55eca28201244c783e6c85acf4442ba",
        "_score": 73,
        "_source": {
            "auto_apply_prefs": {
                "primary_skills": ["Java", "SQL", "HTML"],
                "Notice_period": 45,
                "job_loction": ["Hyderabad"],
                "expected_ctc": "5,00,000",
                "total_experience": "2.0",
                "description": "A Software Engineer is an IT professional who designs, develops and maintains computer software at a company. They use their creativity and technical skills and apply the principles of software engineering to help solve new and ongoing problems for an organization."
            },
            "first_name": "Harish"
        }
    },
    {
        "_index": "candidates_prod",
        "_id": "48540208504041c29d82bafd901af37e",
        "_score": 95,
        "_source": {
            "auto_apply_prefs": {
                "primary_skills": ["Python", "SQL", "HTML"],
                "Notice_period": 30,
                "job_loction": ["Chennai"],
                "expected_ctc": "4,00,000",
                "total_experience": "2.0",
                "description": "A Software Engineer is an IT professional who designs, develops and maintains computer software at a company. They use their creativity and technical skills and apply the principles of software engineering to help solve new and ongoing problems for an organization."
            },
            "first_name": "Manoj"
        }
    },
    {
        "_index": "candidates_prod",
        "_id": "df99dacfd88049c494c5e2bd39b0b6b8",
        "_score": 88,
        "_source": {
            "auto_apply_prefs": {
                "primary_skills": ["Python", "Java", "HTML"],
                "Notice_period": 25,
                "job_loction": ["Gujarat"],
                "expected_ctc": "4,00,000",
                "total_experience": "2.0",
                "description": "A Software Engineer is an IT professional who designs, develops and maintains computer software at a company. They use their creativity and technical skills and apply the principles of software engineering to help solve new and ongoing problems for an organization."
            },
            "first_name": "Rahul"
        }
    },
    {
        "_index": "candidates_prod",
        "_id": "0d9f4db071894656943aefb60867d21d",
        "_score": 82,
        "_source": {
            "auto_apply_prefs": {
                "primary_skills": ["Python", "SQL", "Java"],
                "Notice_period": 45,
                "job_loction": ["Bangalore"],
                "expected_ctc": "4,00,000",
                "total_experience": "1.0",
                "description": "A Software Engineer is an IT professional who designs, develops and maintains computer software at a company. They use their creativity and technical skills and apply the principles of software engineering to help solve new and ongoing problems for an organization."
            },
            "first_name": "Priyanka"
        }
    },
    {
        "_index": "candidates_prod",
        "_id": "8e4fbc9b9908428390bb49ec818cf44d",
        "_score": 90,
        "_source": {
            "auto_apply_prefs": {
                "primary_skills": ["Python", "SQL", "HTML"],
                "Notice_period": 30,
                "job_loction": ["Hyderabad"],
                "expected_ctc": "5,00,000",
                "total_experience": "2.0",
                "description": "A Software Engineer is an IT professional who designs, develops and maintains computer software at a company. They use their creativity and technical skills and apply the principles of software engineering to help solve new and ongoing problems for an organization."
            },
            "first_name": "Suresh"
        }
    },
    {
        "_index": "candidates_prod",
        "_id": "8e4fbc9b9908428390bb49ec818cf44d",
        "_score": 83,
        "_source": {
            "auto_apply_prefs": {
                "primary_skills": ["Python", "SQL", "HTML"],
                "Notice_period": 15,
                "job_loction": ["Gujarat"],
                "expected_ctc": "5,00,000",
                "total_experience": "2.0",
                "description": "A Software Engineer is an IT professional who designs, develops and maintains computer software at a company. They use their creativity and technical skills and apply the principles of software engineering to help solve new and ongoing problems for an organization."
            },
            "first_name": "Kishor"
        }
    },
    {
        "_index": "candidates_prod",
        "_id": "8e4fbc9b9908428390bb49uc818cf44d",
        "_score": 88,
        "_source": {
            "auto_apply_prefs": {
                "primary_skills": ["Python", "SQL", "HTML"],
                "Notice_period": 20,
                "job_loction": ["Hyderabad"],
                "expected_ctc": "5,00,000",
                "total_experience": "2.0",
                "description": "A Software Engineer is an IT professional who designs, develops and maintains computer software at a company. They use their creativity and technical skills and apply the principles of software engineering to help solve new and ongoing problems for an organization."
            },
            "first_name": "Mohan"
        }
    }
]
