{
    "name": "employer-comments",
    "N": [
        {
            "trait1": "Stable",
            "trait2": "Calm",
            "trait3": "Optimistic"
        }
    ],
    "A": [
        {
            "trait1": "Helpful",
            "trait2": "Cooperative"
        }
    ],
    "C": [
        {
            "trait1": "Persistent",
            "trait2": "Goal-driven"
        }
    ],
    "E": [
        {
            "trait1": "Persistent",
            "trait2": "Goal-driven"
        }
    ],
    "O": [
        {
            "trait1": "Persistent",
            "trait2": "Calm"
        }
    ]
}
