{
    "buttons": {},
    "api": {},
    "fields": [
        {
            "key": "tags",
            "name": "tags",
            "type": "multi_select",
            "options_key": "name",
            "options_label": "name",
            "placeholder": "Select tags",
            "output_type": "array",
            "close_on_select": false,
            "url": "{{tagsURL}}?visibility_status=company&sort_column=id&sort_direction=desc&offset=0&limit=100",
            "options": [],
            "divClass": "col-span-4 w-[21ch]",
            "class": ""
        }
    ]
}
