{
    "name": "tasks-collection",
    "api": {
        "url": {
            "base": "{{tasksURL}}?visibility_status=company&sort_column=id&sort_direction=desc&offset=0&limit=100"
        },
        "pagination": {
            "type": "infinite_scroll",
            "infinite_scroll": { "distance": 10 },
            "offset": 0,
            "limit": 100,
            "custom_class": "overflow-auto h-[calc(100vh-275px)] mt-2 scrollbar-thin overflow-auto scrollbar-thumb-[#6666665c]"
        }
    },
    "grid": {
        "enabled": true,
        "html": "",
        "grid": {
            "main": "mx-auto overflow-auto",
            "grid": "",
            "grid_sub": "col-span-1"
        }
    },
    "buttons": {
        "add": {}
    }
}
