{
    "name": "tasks-collection",
    "api": {
        "url": {
            "base": "{{tasksURL}}",
            "delete": {
                "url": "{{tasksURL}}/{{uid}}",
                "method": "DELETE"
            },
            "add": {
                "url": "{{tasksURL}}",
                "method": "POST"
            },
            "edit": {
                "url": "{{tasksURL}}/{{uid}}",
                "method": "PUT"
            },
            "showCount": false
        },
        "pagination": {
            "type": "infinite_scroll",
            "infinite_scroll": { "distance": 10 },
            "offset": 0,
            "limit": 100,
            "class": "max-h-[calc(100vh-50vh)] overflow-auto scrollbar-thin scrollbar-thumb-gray-300 crm-task-main p-5"
        },
        "message": {
            "failure": ""
        }
    },
    "table": {
        "enabled": false,
        "is_inline": false
    },
    "grid": {
        "enabled": true,
        "card": 2,
        "html": "",
        "grid": {
            "main": "border-0",
            "grid": "gap-3 grid grid-col-2  relative z-0 ",
            "grid-sub": ""
        }
    },

    "header": {
        "heading": "Tasks",
        "sub_heading": "",
        "class": {
            "main": "",
            "heading": "font-bold  text-[1rem] text-skin-base"
        }
    },
    "new": {
        "type": "form",
        "schema": {
            "layout_class": "gap-4 grid grid-cols-12",
            "fields": [
                {
                    "label": "Name",
                    "type": "text",
                    "autocomplete": "given-name",
                    "key": "name",
                    "placeholder": "Enter task name",
                    "minlength": "1",
                    "maxlength": "100",
                    "required": true,
                    "class": " bg-skin-white focus:ring-0 focus:outline-0 border border-skin-base/20 focus-visible:border-skin-primary focus:border-skin-primary outline-0 placeholder:text-skin-muted px-3 py-2.5 rounded-md text-skin-base text-sm transition-all ease-in-out w-full block",
                    "divClass": "col-span-6"
                },
                {
                    "label": "",
                    "type": "hidden",
                    "key": "uid",
                    "default": "uid"
                },
                {
                    "label": "Category",
                    "type": "select",
                    "key": "category",
                    "event_name": "add-custom-category",
                    "event_button_name": "Add",
                    "placeholder": "Select task category",
                    "options": [
                        { "text": "Call", "value": "CALL" },
                        { "text": "Email", "value": "EMAIL" },
                        { "text": "Follow Up", "value": "FOLLOW_UP" },
                        { "text": "General", "value": "GENERAL" }
                    ],
                    "class": " bg-skin-white focus:ring-0 focus:outline-0 border border-skin-base/20 focus-visible:border-skin-primary focus:border-skin-primary outline-0 placeholder:text-skin-muted px-3 py-2.5 rounded-md text-skin-base text-sm transition-all ease-in-out w-full block",
                    "divClass": "col-span-6",
                    "required": "true"
                },
                {
                    "label": "Priority",
                    "type": "select",
                    "key": "priority",
                    "options": [
                        { "text": "Select priority", "value": "" },
                        { "text": "High", "value": "HIGH" },
                        { "text": "Medium", "value": "MEDIUM" },
                        { "text": "Low", "value": "LOW" }
                    ],
                    "class": " bg-skin-white focus:ring-0 focus:outline-0 border border-skin-base/20 focus-visible:border-skin-primary focus:border-skin-primary outline-0 placeholder:text-skin-muted px-3 py-2.5 rounded-md text-skin-base text-sm transition-all ease-in-out w-full block",
                    "divClass": "col-span-6",
                    "required": "true",
                    "default": "MEDIUM"
                },
                {
                    "label": "Status",
                    "type": "select",
                    "key": "status",
                    "placeholder": "select status",
                    "options": [
                        { "text": "New", "value": "new" },
                        { "text": "In Progress", "value": "in_progress" },
                        { "text": "Completed", "value": "completed" },
                        { "text": "Overdue", "value": "overdue" },
                        { "text": "Blocked", "value": "blocked" }
                    ],
                    "default": "new",
                    "class": " bg-skin-white focus:ring-0 focus:outline-0 border border-skin-base/20 focus-visible:border-skin-primary focus:border-skin-primary outline-0 placeholder:text-skin-muted px-3 py-2.5 rounded-md text-skin-base text-sm transition-all ease-in-out w-full block",
                    "divClass": "col-span-6",
                    "required": "true"
                },
                {
                    "label": "Start Date",
                    "type": "date",
                    "dateFormat": "YYYY-MM-DD",
                    "key": "start_date",
                    "placeholder": "Enter start date",
                    "class": " bg-skin-white focus:ring-0 focus:outline-0 border border-skin-base/20 focus-visible:border-skin-primary focus:border-skin-primary outline-0 placeholder:text-skin-muted px-3 py-2.5 rounded-md text-skin-base text-sm transition-all ease-in-out w-full block",
                    "divClass": "col-span-6"
                },
                {
                    "label": "Due Date",
                    "type": "date",
                    "dateFormat": "YYYY-MM-DD",
                    "key": "due_date",
                    "minDate": "{{start_date}}",
                    "placeholder": "Enter due date",
                    "class": " bg-skin-white focus:ring-0 focus:outline-0 border border-skin-base/20 focus-visible:border-skin-primary focus:border-skin-primary outline-0 placeholder:text-skin-muted px-3 py-2.5 rounded-md text-skin-base text-sm transition-all ease-in-out w-full block",
                    "divClass": "col-span-6"
                },
                {
                    "label": "Entity",
                    "type": "hidden",
                    "key": "entity",
                    "required": "true",
                    "options": [
                        { "text": "Select entity", "value": "" },
                        { "text": "Jobs", "value": "JOBS" },
                        { "text": "Candidates", "value": "CANDIDATES" }
                    ],
                    "default": "",
                    "class": " bg-skin-white focus:ring-0 focus:outline-0 border border-skin-base/20 focus-visible:border-skin-primary focus:border-skin-primary outline-0 placeholder:text-skin-muted px-3 py-2.5 rounded-md text-skin-base text-sm transition-all ease-in-out w-full block",
                    "divClass": "col-span-6"
                },
                {
                    "label": "Job",
                    "type": "auto_complete",
                    "key": "job_id",
                    "mode": "single",
                    "placeholder": "Search job name",
                    "url": "{{jobsURL}}?search=%5B%7B%22title%22%3A%7B%22value%22%3A%22{{input}}%22%2C%22condition%22%3A%22like%22%7D%7D%5D",
                    "options_key": "uid",
                    "options_label": "title",
                    "options": [],
                    "class": "w-full rounded-md border-skin-base/10",
                    "divClass": "col-span-3",
                    "condition": "\"{{entity}}\"===\"JOBS\""
                },
                {
                    "label": "Candidate",
                    "type": "auto_complete",
                    "key": "candidate_id",
                    "mode": "single",
                    "placeholder": "Search candidate name",
                    "url": "{{candidatesURL}}?search=%5B%7B%22first_name%22%3A%7B%22value%22%3A%22{{input}}%22%2C%22condition%22%3A%22like%22%7D%7D%5D",
                    "options_key": "uid",
                    "options_label": "first_name",
                    "class": "w-full rounded-md border-skin-base/10",
                    "divClass": "col-span-3",
                    "condition": "\"{{entity}}\"===\"CANDIDATES\""
                },
                {
                    "key": "owner_id",
                    "name": "owner_id",
                    "type": "user_multi_select",
                    "label": "Assigned To",
                    "options_key": "uid",
                    "options_label": "name",
                    "searchable": true,
                    "mode": "single",
                    "placeholder": "Select owner",
                    "close_on_select": true,
                    "help": "",
                    "isArray": false,
                    "options": [],
                    "is_prefill": true,
                    "user_input": "",
                    "class": " bg-skin-white focus:ring-0 focus:outline-0 border border-skin-base/20 focus-visible:border-skin-primary focus:border-skin-primary outline-0 placeholder:text-skin-muted px-3 py-2.5 rounded-md text-skin-base text-sm transition-all ease-in-out w-full block",
                    "divClass": "col-span-6"
                },
                {
                    "label": "Description",
                    "type": "textarea",
                    "key": "description",
                    "placeholder": "Enter task details here...",
                    "rows": 4,
                    "cols": 10,
                    "class": " bg-skin-white focus:ring-0 focus:outline-0 border border-skin-base/20 focus-visible:border-skin-primary focus:border-skin-primary outline-0 placeholder:text-skin-muted px-3 py-2.5 rounded-md text-skin-base text-sm transition-all ease-in-out w-full block",
                    "divClass": "col-span-12"
                },
                {
                    "type": "hidden",
                    "key": "entity_id"
                },
                {
                    "type": "hidden",
                    "key": "kanban_order"
                },
                {
                    "type": "hidden",
                    "key": "category"
                }
            ],
            "buttons": {
                "saveLabel": "Save"
            }
        },
        "modal": {
            "type": "slideout",
            "title": "Tasks",
            "options": {
                "size": "md",
                "cancelLabel": "Cancel",
                "okLabel": "Add",
                "okLabelColor": "",
                "cancelLabelColor": ""
            }
        },
        "message": {
            "success": "Added successfully",
            "failure": "Error occured while adding task"
        }
    },
    "edit": {
        "modal": {
            "type": "slideout",
            "title": "Edit Task",
            "options": {
                "size": "md",
                "cancelLabel": "Cancel",
                "okLabel": "Update",
                "okLabelColor": "",
                "cancelLabelColor": ""
            }
        },
        "message": {
            "success": "Updated Successfully",
            "failure": "Error occured while updating task"
        }
    },
    "delete": {
        "modal": {
            "type": "dialog",
            "title": "Delete Task",
            "body": "Are you sure you want to delete this task? This task will be permanently deleted and can not be undone.",
            "options": {
                "size": "sm",
                "cancelLabel": "Cancel",
                "okLabel": "Delete",
                "okLabelColor": "",
                "cancelLabelColor": ""
            }
        },
        "message": {
            "success": "Deleted Successfully",
            "failure": "Error occured while deleting task"
        }
    },
    "select": {},
    "buttons": {
        "add": {
            "enabled": true,
            "label": "Add",
            "popover": "Add",
            "class": "border border-dashed border-skin-base/30 cursor-pointer disabled:opacity-25 duration-300 ease-in focus-visible:outline focus-visible:outline-2 focus-visible:outline-offset-2 font-medium px-2 py-1 rounded-md shadow-sm text-skin-base text-xs transition task-add-button"
        },
        "edit": { "enabled": true, "icon": true, "popover": "Edit" },
        "delete": { "enabled": true, "icon": true, "popover": "Delete" }
    },
    "bulk": {
        "enabled": false,
        "key": "uid"
    }
}
