{
    "fields": [
        {
            "label": "Scheduled date",
            "key": "date",
            "value": "",
            "placeholder": "Please date",
            "minLength": 3,
            "maxLength": 50,
            "type": "date"
        },
        {
            "label": "Time Label",
            "type": "time",
            "key": "time",
            "name": "appt",
            "value": "",
            "required": "true",
            "class": "block w-full rounded-md border-0 py-1.5 text-gray-900 shadow-sm ring-1 ring-inset ring-gray-300 placeholder:text-gray-400 focus:ring-2 focus:ring-inset focus:ring-indigo-600 sm:text-sm sm:leading-6",
            "placeholder": "Select time",
            "pattern": "[01]?[0-9]|2[0-3]):[0-5][0-9]",
            "condition": ""
        }
    ],
    "buttons": {
        "saveLabel": "Save"
    }
}
