{
    "name": "notes-collection",
    "api": {
        "url": {
            "base": "{{notesURL}}/{{entity}}/{{entity_id}}",
            "params": "sort_column=id&sort_direction=desc",
            "add": {
                "url": "{{notesURL}}",
                "method": "POST"
            },
            "delete": {
                "url": "{{notesURL}}/{{uid}}",
                "method": "DELETE"
            },
            "edit": {
                "url": "{{notesURL}}/{{uid}}",
                "method": "PUT"
            }
        },
        "pagination": {
            "type": "infinite_scroll",
            "infinite_scroll": { "distance": 10 },
            "offset": 0,
            "limit": 100,
            "custom_class": "notes-list max-h-[300px] mb-2 pb-2 scrollbar-thin overflow-auto scrollbar-thumb-[#6666665c] overflow-auto"
        }
    },
    "grid": {
        "enabled": true,
        "html": "",
        "grid": {
            "main": "mx-auto overflow-auto",
            "grid": "",
            "grid_sub": "col-span-1"
        }
    },
    "header": {
        "heading": "",
        "sub_heading": ""
    },
    "delete": {
        "type": "alert",
        "modal": {
            "type": "dialog",
            "title": "Delete Note",
            "body": "Are you sure?",
            "options": {
                "size": "sm",
                "cancelLabel": "Cancel",
                "okLabel": "Delete",
                "okLabelColor": "",
                "cancelLabelColor": ""
            }
        },
        "message": {
            "success": "Deleted successfully",
            "failure": "Error occured while deleting note"
        }
    },
    "buttons": {
        "add": {},
        "edit": { "enabled": true, "icon": true, "popover": "Edit Note" },
        "delete": { "enabled": true, "icon": true, "popover": "Delete Note" }
    }
}
